{"type":"Topology","transform":{"scale":[0.0025964575836631876,0.0017511557399177112],"translate":[-124.70415299999999,24.5477161407471]},"arcs":[[[20798,10571],[49,93],[16,66],[46,14],[21,95],[59,17],[-17,71],[42,62],[34,21],[71,-30],[13,-31],[53,59],[36,19],[39,-11],[24,72],[42,6],[27,-34],[76,88],[-14,20],[23,74],[32,46],[-9,64],[59,20],[0,-85],[37,9],[50,-31],[14,69],[43,30],[9,-77],[35,-51],[64,60],[-34,89],[54,-3],[28,-85],[62,59],[12,51],[40,12],[71,-7],[6,50],[37,-12],[57,35],[46,-8],[81,92],[-51,174],[-61,45],[-27,-37],[-25,20],[-23,76],[18,48],[-3,115],[-85,20],[-60,36],[8,152],[-3,642],[-34,20],[-29,53],[-104,85],[-43,9],[-38,-45],[-56,4],[-124,-63],[-54,38],[-1,105],[-70,18],[-297,-437],[-23,-159],[-58,-48],[-33,-80],[21,-25],[-31,-74],[23,-73],[-61,-55],[13,-34],[-101,-73],[-52,-100],[-12,-74],[-28,-39],[-25,57],[-57,-18],[-14,-33],[-58,33],[-39,-40],[-42,-93],[-3,-32],[-311,-6],[-299,7],[-408,-14],[-207,5],[-55,9],[-56,-18],[-129,-84],[-177,-183],[-57,-85],[-95,-49],[-58,-47],[-21,-56],[43,-77],[49,-39],[-39,-54],[12,-88],[-15,-69],[-67,-3],[-85,-63],[-26,-39],[-98,-42],[-61,10],[-108,-7],[-55,-24],[-86,59],[-84,18],[-198,3],[-56,-10],[-168,-54],[23,-113],[0,-45],[31,-17],[30,-98],[-75,-54],[-39,-78],[-78,-37],[-30,-34],[-111,-82],[-236,-142],[-219,-96],[-43,-8],[-166,-103],[-61,-65],[-56,-42],[-103,17],[-93,-47],[-87,-30],[-53,27],[-40,50],[-52,18],[-30,-19],[-51,46],[-63,28],[-37,33],[-46,3],[1,47],[54,88],[42,31],[24,51],[2,87],[24,45],[68,46],[5,71],[30,75],[43,20],[2,-75],[29,-6],[32,34],[21,88],[5,94],[16,29],[-42,142],[-7,121],[-23,95],[-13,130],[-41,90],[-68,47],[-50,-32],[-83,-24],[-60,-75],[-9,-46],[-88,-97],[-92,46],[-3,130],[34,51],[57,3],[37,36],[13,97],[84,65],[7,153],[16,60],[-18,95],[-48,41],[17,67],[49,-26],[-58,152],[-28,38],[-40,-2],[-80,38],[-39,38],[-77,11],[-41,74],[-44,17],[-51,-7],[-120,78],[-53,-22],[-80,-104],[33,-118],[-68,-3],[-62,-49],[1,-88],[-11,-106],[-50,-104],[-39,11],[-8,60],[32,97],[-19,48],[-51,-43],[-23,-58],[-48,10],[-19,-35],[-33,-1],[-9,-93],[-55,-21],[5,-79],[-19,-127],[-62,-128],[-33,-36],[20,-49],[13,-89],[-42,-113],[55,-172],[54,-133],[11,-54],[8,-154],[-17,-137],[-41,-129],[-49,-77],[-52,-128],[-38,-43],[-84,-63],[-71,-36],[-61,-15],[-59,17],[-34,35],[-31,66],[-31,142],[-46,76],[-13,53],[14,98],[-6,98],[22,78],[-26,31],[-25,94],[9,43],[-18,100],[47,179],[32,66],[-11,115],[34,128],[49,43],[-10,81],[24,108],[69,168],[39,40],[5,53],[55,69],[12,120],[-35,-24],[-5,-38],[-45,-13],[-11,-49],[-54,-101],[-79,-38],[-60,-112],[-92,-59],[9,104],[60,97],[3,34],[73,15],[7,84],[56,85],[113,222],[39,33],[89,2],[26,51],[94,23],[-69,-116],[23,-19],[51,78],[58,21],[16,67],[49,32],[104,-17],[45,27],[56,-7],[55,70],[71,1],[128,-49],[67,-77],[67,103],[108,-68],[102,26],[75,-13],[-11,43],[-49,35],[-20,50],[-8,136],[6,64],[-122,-23],[-41,-41],[-30,38],[-65,-22],[-97,33],[9,111],[-14,34],[-74,-2],[-87,-42],[-152,6],[-101,-10],[-137,-85],[-35,-35],[-78,8],[-54,-7],[-34,39],[-35,-21],[-100,6],[-79,122],[-24,52],[-102,56],[-133,11],[-75,-81],[-17,25],[15,81],[188,237],[54,-2],[6,51],[-69,3],[-78,-12],[-91,-50],[-60,-71],[-32,-12],[-89,-71],[-21,-46],[-67,-15],[-51,-52],[-72,-36],[-91,-4],[-68,-21],[-69,-70],[-158,-64],[-57,22],[-58,53],[-7,-27],[-58,-35],[8,98],[50,81],[-32,34],[-52,-9],[-47,-46],[-44,3],[-116,-62],[-119,-39],[-55,-4],[-51,60],[165,130],[36,43],[83,66],[72,92],[57,56],[111,91],[76,45],[217,73],[129,70],[-42,40],[-47,-22],[-38,17],[-21,40],[-42,15],[-93,-12],[-149,5],[-48,84],[-98,-52],[-43,-41],[-69,-20],[-101,39],[-9,47],[-57,5],[-55,33],[3,32],[-63,24],[-49,-12],[4,-56],[-35,-14],[-38,75],[-15,55],[-57,-6],[8,60],[-36,-2],[-99,49],[-139,1],[-47,-46],[-125,-17],[-20,65],[-154,14],[-7,26],[-68,-3],[-57,13],[-40,35],[3,60],[-54,235],[-51,43],[-39,-10],[-37,18],[0,-220],[-799,1],[-1921,-1],[-2806,1],[-770,-2],[-192,1],[-1236,0],[-447,1],[-1283,0],[-549,0],[-241,-2],[-387,3],[18,-106],[24,-25],[43,2],[14,-69],[29,-32],[-51,-89],[19,-45],[38,-22],[17,-115],[51,-54],[-29,-47],[-25,-125],[-22,-40],[40,-178],[-78,-32],[-24,-65],[-34,-42],[-37,11],[30,92],[35,-9],[27,61],[-3,103],[19,19],[2,88],[-9,78],[-48,-8],[-19,81],[-56,72],[-80,-30],[-48,48],[-32,-28],[-74,14],[-58,-3],[-43,18],[-107,-1],[-100,55],[-54,13],[-84,56],[-24,-29],[-17,-84],[12,-126],[18,-44],[53,-40],[22,-40],[29,-115],[14,-109],[32,-39],[23,-110],[61,-59],[-27,-70],[-3,-70],[36,-25],[42,-94],[-41,-44],[-22,19],[-7,-112],[35,7],[42,-40],[75,32],[22,-34],[-89,-45],[-60,38],[30,-87],[-23,-71],[4,-102],[17,-61],[-14,-295],[-36,-179],[4,-98],[-25,-317],[-18,-169],[-25,-144],[-57,-164],[-29,-154],[-37,-91],[17,-60],[36,-42],[10,-50],[-17,-76],[9,-109],[27,-90],[49,-49],[2,-68],[-18,-60],[43,-42],[31,-154],[-35,-220],[16,-15],[-18,-87],[-66,-148],[-31,-102],[24,-70],[-6,-31],[68,-74],[30,-16],[99,-155],[33,-159],[-23,-105],[9,-52],[42,-126],[-12,-80],[109,-124],[43,-77],[78,-66],[48,-87],[21,-82],[4,-70],[45,-20],[46,-59],[18,6],[58,-47],[13,46],[-5,122],[31,20],[54,-61],[-58,-61],[35,-18],[-3,-69],[65,-67],[20,-91],[-96,48],[-1,70],[-17,55],[-42,-17],[7,-54],[-8,-94],[25,-24],[20,-69],[-2,-93],[77,-104],[39,-33],[94,-14],[28,-73],[-14,-84],[-38,-13],[-7,-85],[18,-96],[31,-47],[37,-23],[55,-97],[28,-14],[16,-65],[50,-59],[23,-66],[40,-18],[63,-100],[52,-33],[-11,-89],[53,-50],[42,-7],[8,-49],[-16,-90],[24,-35],[3,-86],[-17,-63],[52,-34],[15,-43],[127,15],[52,-7],[51,-30],[64,-7],[57,10],[112,-92],[21,-61],[158,-83],[23,18],[87,-3],[49,-106],[-7,-57],[58,-21],[66,14],[62,-71],[55,-36],[107,-119],[69,-121],[29,-141],[-1,-100],[44,-41],[6,-53],[415,51],[511,54],[-36,-128],[398,-180],[252,-118],[280,-126],[510,-240],[1104,1],[0,257],[647,0],[57,-29],[67,-152],[97,-58],[70,-113],[65,-48],[18,-53],[62,-77],[78,-36],[114,-127],[15,-103],[38,-50],[28,-70],[-7,-74],[10,-71],[44,-89],[23,-74],[65,-69],[28,-3],[33,-58],[54,-53],[77,-24],[44,-49],[64,-21],[50,-64],[57,-35],[64,2],[6,41],[56,68],[56,198],[63,121],[59,28],[40,-10],[18,59],[61,-13],[26,-31],[54,10],[100,-24],[92,7],[31,-26],[52,-113],[77,-45],[19,-51],[82,-69],[9,-43],[39,-42],[9,-89],[19,-24],[59,-167],[43,-102],[16,-83],[33,-54],[48,-26],[36,-86],[38,-54],[6,-57],[25,-15],[41,-68],[39,-7],[36,-44],[12,-45],[-10,-84],[25,-51],[-5,-107],[71,-125],[23,-68],[16,-108],[22,-62],[110,-32],[60,-77],[32,11],[47,-19],[83,-85],[81,-18],[59,14],[91,-25],[49,-78],[57,-26],[2,43],[86,23],[-3,61],[-45,14],[-28,103],[5,48],[-32,55],[-23,178],[-35,47],[3,85],[30,5],[21,148],[-37,-16],[-35,31],[44,50],[35,-24],[32,138],[26,71],[-44,26],[-11,74],[56,3],[25,-30],[53,113],[-34,20],[-6,43],[45,30],[39,-35],[52,57],[7,100],[42,-36],[104,61],[-27,75],[65,41],[41,-33],[63,37],[18,-26],[67,33],[177,133],[126,143],[-28,15],[79,76],[-6,108],[-28,8],[-9,85],[51,7],[22,49],[47,-20],[-18,-112],[75,26],[-19,-59],[178,102],[51,20],[57,-4],[65,41],[176,17],[97,-36],[124,-72],[133,-31],[76,51],[1,70],[74,40],[22,-64],[47,26],[44,-8],[41,-117],[97,-33],[-6,-128],[72,-34],[51,-4],[45,-65],[76,35],[31,89],[90,-4],[42,-110],[46,37],[3,52],[24,47],[1,59],[70,29],[12,-53],[35,-46],[94,-51],[32,-56],[33,-4],[40,-39],[26,4],[45,47],[-1,52],[-66,72],[-58,1],[-11,24],[-50,-3],[-71,70],[28,85],[-12,52],[86,-4],[44,104],[-69,67],[-34,-26],[-6,-65],[-36,-7],[-57,44],[8,55],[52,19],[25,46],[53,21],[58,63],[121,46],[61,5],[43,-26],[58,6],[54,-16],[31,32],[44,-2],[48,-35],[13,108],[36,100],[28,-16],[13,-61],[-2,-81],[58,-67],[38,-24],[140,42],[54,3],[94,25],[107,14],[128,-19],[81,-34],[81,-50],[111,-96],[40,-50],[32,-13],[40,-80],[16,-66],[61,21],[41,-2],[30,39],[35,-14],[111,86],[75,-6],[-6,91],[128,26],[149,-125],[39,-93],[48,-31],[5,-86],[70,-55],[19,-75],[66,-64],[66,-11],[25,-94],[28,-56],[-9,-100],[22,-74],[-8,-85],[-47,-145],[6,-76],[-27,-96],[53,-108],[31,7],[18,61],[-35,101],[48,-15],[16,-80],[46,6],[-115,-225],[47,-83],[47,-136],[68,-158],[47,3],[-10,73],[38,24],[3,-124],[-27,-60],[12,-87],[24,20],[51,-53],[30,-75],[12,-118],[44,-135],[17,26],[85,-17],[71,-145],[12,-62],[35,-86],[-21,-76],[35,-59],[70,12],[20,21],[55,-21],[19,26],